Delta_t_ms,Kernel
-20.0000,6.0798238916082470e-01
-19.9600,6.1458853497909605e-01
-19.9200,6.2126646110441408e-01
-19.8800,6.2801694747906378e-01
-19.8400,6.3484078251994236e-01
-19.8000,6.4173876321063505e-01
-19.7600,6.4871169519450111e-01
-19.7200,6.5576039286876808e-01
-19.6800,6.6288567947964783e-01
-19.6400,6.7008838721848729e-01
-19.6000,6.7736935731896331e-01
-19.5600,6.8472944015533388e-01
-19.5200,6.9216949534175687e-01
-19.4800,6.9969039183268700e-01
-19.4400,7.0729300802436768e-01
-19.4000,7.1497823185741649e-01
-19.3600,7.2274696092053958e-01
-19.3200,7.3060010255535512e-01
-19.2800,7.3853857396237532e-01
-19.2400,7.4656330230812273e-01
-19.2000,7.5467522483342042e-01
-19.1600,7.6287528896285672e-01
-19.1200,7.7116445241543718e-01
-19.0800,7.7954368331644441e-01
-19.0400,7.8801396031050130e-01
-19.0000,7.9657627267588216e-01
-18.9600,8.0523162044004237e-01
-18.9200,8.1398101449642768e-01
-18.8800,8.2282547672252915e-01
-18.8400,8.3176604009924338e-01
-18.8000,8.4080374883150777e-01
-18.7600,8.4993965847026831e-01
-18.7200,8.5917483603575051e-01
-18.6800,8.6851036014209193e-01
-18.6400,8.7794732112330998e-01
-18.6000,8.8748682116065003e-01
-18.5600,8.9712997441131248e-01
-18.5200,9.0687790713858019e-01
-18.4800,9.1673175784336158e-01
-18.4400,9.2669267739715400e-01
-18.4000,9.3676182917646889e-01
-18.3600,9.4694038919869572e-01
-18.3200,9.5722954625946544e-01
-18.2800,9.6763050207148560e-01
-18.2400,9.7814447140489824e-01
-18.2000,9.8877268222915604e-01
-18.1600,9.9951637585644260e-01
-18.1200,1.0103768070866499e+00
-18.0800,1.0213552443539320e+00
-18.0400,1.0324529698748499e+00
-18.0000,1.0436712797981269e+00
-17.9600,1.0550114843560339e+00
-17.9200,1.0664749080174130e+00
-17.8800,1.0780628896423656e+00
-17.8400,1.0897767826386331e+00
-17.8000,1.1016179551196565e+00
-17.7600,1.1135877900643689e+00
-17.7200,1.1256876854787183e+00
-17.6800,1.1379190545589470e+00
-17.6400,1.1502833258566441e+00
-17.6000,1.1627819434455906e+00
-17.5600,1.1754163670904239e+00
-17.5200,1.1881880724171188e+00
-17.4800,1.2010985510853474e+00
-17.4400,1.2141493109626786e+00
-17.4000,1.2273418763007065e+00
-17.3600,1.2406777879130548e+00
-17.3200,1.2541586033553531e+00
-17.2800,1.2677858971071365e+00
-17.2400,1.2815612607557421e+00
-17.2000,1.2954863031821950e+00
-17.1600,1.3095626507491160e+00
-17.1200,1.3237919474906761e+00
-17.0800,1.3381758553045970e+00
-17.0400,1.3527160541462697e+00
-17.0000,1.3674142422249427e+00
-16.9600,1.3822721362020840e+00
-16.9200,1.3972914713918549e+00
-16.8800,1.4124740019638076e+00
-16.8400,1.4278215011477384e+00
-16.8000,1.4433357614408122e+00
-16.7600,1.4590185948168990e+00
-16.7200,1.4748718329382104e+00
-16.6800,1.4908973273692252e+00
-16.6400,1.5070969497929381e+00
-16.6000,1.5234725922294694e+00
-16.5600,1.5400261672570286e+00
-16.5200,1.5567596082353052e+00
-16.4800,1.5736748695312650e+00
-16.4400,1.5907739267474168e+00
-16.4000,1.6080587769525407e+00
-16.3600,1.6255314389149422e+00
-16.3200,1.6431939533382289e+00
-16.2800,1.6610483830996534e+00
-16.2400,1.6790968134910447e+00
-16.2000,1.6973413524623593e+00
-16.1600,1.7157841308678747e+00
-16.1200,1.7344273027150641e+00
-16.0800,1.7532730454161671e+00
-16.0400,1.7723235600425078e+00
-16.0000,1.7915810715815488e+00
-15.9600,1.8110478291967811e+00
-15.9200,1.8307261064903917e+00
-15.8800,1.8506182017688200e+00
-15.8400,1.8707264383111748e+00
-15.8000,1.8910531646405964e+00
-15.7600,1.9116007547985336e+00
-15.7200,1.9323716086220253e+00
-15.6800,1.9533681520239918e+00
-15.6400,1.9745928372765515e+00
-15.6000,1.9960481432974542e+00
-15.5600,2.0177365759395793e+00
-15.5200,2.0396606682836302e+00
-15.4800,2.0618229809339561e+00
-15.4400,2.0842261023176443e+00
-15.4000,2.1068726489868039e+00
-15.3600,2.1297652659241897e+00
-15.3200,2.1529066268521029e+00
-15.2800,2.1762994345446733e+00
-15.2400,2.1999464211435269e+00
-15.2000,2.2238503484768808e+00
-15.1600,2.2480140083821132e+00
-15.1200,2.2724402230318299e+00
-15.0800,2.2971318452634795e+00
-15.0400,2.3220917589125425e+00
-15.0000,2.3473228791493588e+00
-14.9600,2.3728281528195874e+00
-14.9200,2.3986105587883899e+00
-14.8800,2.4246731082883413e+00
-14.8400,2.4510188452711246e+00
-14.8000,2.4776508467630451e+00
-14.7600,2.5045722232244159e+00
-14.7200,2.5317861189128261e+00
-14.6800,2.5592957122503894e+00
-14.6400,2.5871042161949536e+00
-14.6000,2.6152148786153560e+00
-14.5600,2.6436309826707598e+00
-14.5200,2.6723558471941047e+00
-14.4800,2.7013928270797276e+00
-14.4400,2.7307453136751922e+00
-14.4000,2.7604167351773845e+00
-14.3600,2.7904105570328976e+00
-14.3200,2.8207302823427849e+00
-14.2800,2.8513794522716887e+00
-14.2400,2.8823616464614430e+00
-14.2000,2.9136804834491388e+00
-14.1600,2.9453396210897638e+00
-14.1200,2.9773427569834010e+00
-14.0800,3.0096936289071037e+00
-14.0400,3.0423960152514278e+00
-14.0000,3.0754537354617475e+00
-13.9600,3.1088706504843220e+00
-13.9200,3.1426506632172444e+00
-13.8800,3.1767977189662719e+00
-13.8400,3.2113158059056177e+00
-13.8000,3.2462089555437434e+00
-13.7600,3.2814812431942153e+00
-13.7200,3.3171367884516796e+00
-13.6800,3.3531797556730005e+00
-13.6400,3.3896143544636481e+00
-13.6000,3.4264448401693288e+00
-13.5600,3.4636755143730138e+00
-13.5200,3.5013107253973126e+00
-13.4800,3.5393548688123557e+00
-13.4400,3.5778123879491455e+00
-13.4000,3.6166877744185393e+00
-13.3600,3.6559855686358138e+00
-13.3200,3.6957103603509829e+00
-13.2800,3.7358667891848429e+00
-13.2400,3.7764595451708485e+00
-13.2000,3.8174933693028890e+00
-13.1600,3.8589730540890055e+00
-13.1200,3.9009034441111257e+00
-13.0800,3.9432894365908853e+00
-13.0400,3.9861359819615929e+00
-13.0000,4.0294480844464093e+00
-12.9600,4.0732308026428230e+00
-12.9200,4.1174892501134366e+00
-12.8800,4.1622285959832430e+00
-12.8400,4.2074540655433026e+00
-12.8000,4.2531709408610654e+00
-12.7600,4.2993845613972530e+00
-12.7200,4.3461003246295098e+00
-12.6800,4.3933236866827565e+00
-12.6400,4.4410601629664734e+00
-12.6000,4.4893153288188419e+00
-12.5600,4.5380948201579159e+00
-12.5200,4.5874043341398689e+00
-12.4800,4.6372496298243862e+00
-12.4400,4.6876365288472845e+00
-12.4000,4.7385709161004517e+00
-12.3600,4.7900587404191608e+00
-12.3200,4.8421060152768636e+00
-12.2800,4.8947188194875277e+00
-12.2400,4.9479032979156008e+00
-12.2000,5.0016656621937114e+00
-12.1600,5.0560121914481195e+00
-12.1200,5.1109492330321151e+00
-12.0800,5.1664832032673340e+00
-12.0400,5.2226205881931467e+00
-12.0000,5.2793679443241910e+00
-11.9600,5.3367318994161383e+00
-11.9200,5.3947191532397678e+00
-11.8800,5.4533364783634708e+00
-11.8400,5.5125907209442389e+00
-11.8000,5.5724888015272525e+00
-11.7600,5.6330377158541740e+00
-11.7200,5.6942445356801921e+00
-11.6800,5.7561164095999642e+00
-11.6400,5.8186605638825419e+00
-11.6000,5.8818843033153438e+00
-11.5600,5.9457950120573146e+00
-11.5200,6.0104001545013572e+00
-11.4800,6.0757072761461206e+00
-11.4400,6.1417240044772701e+00
-11.4000,6.2084580498583524e+00
-11.3600,6.2759172064312887e+00
-11.3200,6.3441093530267052e+00
-11.2800,6.4130424540841275e+00
-11.2400,6.4827245605821853e+00
-11.2000,6.5531638109789085e+00
-11.1600,6.6243684321622656e+00
-11.1200,6.6963467404110020e+00
-11.0800,6.7691071423659386e+00
-11.0400,6.8426581360118162e+00
-11.0000,6.9170083116698171e+00
-10.9600,6.9921663530008500e+00
-10.9200,7.0681410380197596e+00
-10.8800,7.1449412401205441e+00
-10.8400,7.2225759291127201e+00
-10.8000,7.3010541722689339e+00
-10.7600,7.3803851353839693e+00
-10.7200,7.4605780838452702e+00
-10.6800,7.5416423837150592e+00
-10.6400,7.6235875028242601e+00
-10.6000,7.7064230118782735e+00
-10.5600,7.7901585855747788e+00
-10.5200,7.8748040037336864e+00
-10.4800,7.9603691524393581e+00
-10.4400,8.0468640251952479e+00
-10.4000,8.1342987240910816e+00
-10.3600,8.2226834609827186e+00
-10.3200,8.3120285586848421e+00
-10.2800,8.4023444521765942e+00
-10.2400,8.4936416898203362e+00
-10.2000,8.5859309345936143e+00
-10.1600,8.6792229653345458e+00
-10.1200,8.7735286780007193e+00
-10.0800,8.8688590869417698e+00
-10.0400,8.9652253261858235e+00
-10.0000,9.0626386507398351e+00
-9.9600,9.1611104379041475e+00
-9.9200,9.2606521886012665e+00
-9.8800,9.3612755287191245e+00
-9.8400,9.4629922104688990e+00
-9.8000,9.5658141137576003e+00
-9.7600,9.6697532475755832e+00
-9.7200,9.7748217513991289e+00
-9.6800,9.8810318966082491e+00
-9.6400,9.9883960879199183e+00
-9.6000,1.0096926864836881e+01
-9.5600,1.0206636903112177e+01
-9.5200,1.0317539016229592e+01
-9.4800,1.0429646156900228e+01
-9.4400,1.0542971418575259e+01
-9.4000,1.0657528036975195e+01
-9.3600,1.0773329391635741e+01
-9.3200,1.0890389007470425e+01
-9.2800,1.1008720556350246e+01
-9.2400,1.1128337858700462e+01
-9.2000,1.1249254885114732e+01
-9.1600,1.1371485757986799e+01
-9.1200,1.1495044753159915e+01
-9.0800,1.1619946301594153e+01
-9.0400,1.1746204991051874e+01
-9.0000,1.1873835567801484e+01
-8.9600,1.2002852938339714e+01
-8.9200,1.2133272171132607e+01
-8.8800,1.2265108498375431e+01
-8.8400,1.2398377317771713e+01
-8.8000,1.2533094194331579e+01
-8.7600,1.2669274862189688e+01
-8.7200,1.2806935226442851e+01
-8.6800,1.2946091365007689e+01
-8.6400,1.3086759530498396e+01
-8.6000,1.3228956152124985e+01
-8.5600,1.3372697837612103e+01
-8.5200,1.3518001375138724e+01
-8.4800,1.3664883735298902e+01
-8.4400,1.3813362073083841e+01
-8.4000,1.3963453729885494e+01
-8.3600,1.4115176235521941e+01
-8.3200,1.4268547310284763e+01
-8.2800,1.4423584867008660e+01
-8.2400,1.4580307013163576e+01
-8.2000,1.4738732052969546e+01
-8.1600,1.4898878489534500e+01
-8.1200,1.5060765027015348e+01
-8.0800,1.5224410572802487e+01
-8.0400,1.5389834239728078e+01
-8.0000,1.5557055348298350e+01
-7.9600,1.5726093428950056e+01
-7.9200,1.5896968224331555e+01
-7.8800,1.6069699691608626e+01
-7.8400,1.6244308004795350e+01
-7.8000,1.6420813557110307e+01
-7.7600,1.6599236963358397e+01
-7.7200,1.6779599062338516e+01
-7.6800,1.6961920919277400e+01
-7.6400,1.7146223828289955e+01
-7.6000,1.7332529314866225e+01
-7.5600,1.7520859138385486e+01
-7.5200,1.7711235294657602e+01
-7.4800,1.7903680018491997e+01
-7.4400,1.8098215786294560e+01
-7.4000,1.8294865318692754e+01
-7.3600,1.8493651583189227e+01
-7.3200,1.8694597796844349e+01
-7.2800,1.8897727428987739e+01
-7.2400,1.9103064203959399e+01
-7.2000,1.9310632103880558e+01
-7.1600,1.9520455371454663e+01
-7.1200,1.9732558512798757e+01
-7.0800,1.9946966300305654e+01
-7.0400,2.0163703775537222e+01
-7.0000,2.0382796252149074e+01
-6.9600,2.0604269318847070e+01
-6.9200,2.0828148842375906e+01
-6.8800,2.1054460970540212e+01
-6.8400,2.1283232135258455e+01
-6.8000,2.1514489055650028e+01
-6.7600,2.1748258741155905e+01
-6.7200,2.1984568494693153e+01
-6.6800,2.2223445915843762e+01
-6.6400,2.2464918904078136e+01
-6.6000,2.2709015662013563e+01
-6.5600,2.2955764698708105e+01
-6.5200,2.3205194832990315e+01
-6.4800,2.3457335196825085e+01
-6.4400,2.3712215238716091e+01
-6.4000,2.3969864727145218e+01
-6.3600,2.4230313754049330e+01
-6.3200,2.4493592738334819e+01
-6.2800,2.4759732429430386e+01
-6.2400,2.5028763910878347e+01
-6.2000,2.5300718603965066e+01
-6.1600,2.5575628271390716e+01
-6.1200,2.5853525020979021e+01
-6.0800,2.6134441309427213e+01
-6.0400,2.6418409946096840e+01
-6.0000,2.6705464096845649e+01
-5.9600,2.6995637287901218e+01
-5.9200,2.7288963409776567e+01
-5.8800,2.7585476721228385e+01
-5.8400,2.7885211853258294e+01
-5.8000,2.8188203813157479e+01
-5.7600,2.8494487988595374e+01
-5.7200,2.8804100151752724e+01
-5.6800,2.9117076463499554e+01
-5.6400,2.9433453477618574e+01
-5.6000,2.9753268145074404e+01
-5.5600,3.0076557818329249e+01
-5.5200,3.0403360255705451e+01
-5.4800,3.0733713625795442e+01
-5.4400,3.1067656511919576e+01
-5.4000,3.1405227916632473e+01
-5.3600,3.1746467266278270e+01
-5.3200,3.2091414415595352e+01
-5.2800,3.2440109652371255e+01
-5.2400,3.2792593702147911e+01
-5.2000,3.3148907732978216e+01
-5.1600,3.3509093360234218e+01
-5.1200,3.3873192651467519e+01
-5.0800,3.4241248131322571e+01
-5.0400,3.4613302786503240e+01
-5.0000,3.4989400070793401e+01
-4.9600,3.5369583910132150e+01
-4.9200,3.5753898707744042e+01
-4.8800,3.6142389349325107e+01
-4.8400,3.6535101208285283e+01
-4.8000,3.6932080151047742e+01
-4.7600,3.7333372542405776e+01
-4.7200,3.7739025250938028e+01
-4.6800,3.8149085654482370e+01
-4.6400,3.8563601645669394e+01
-4.6000,3.8982621637515969e+01
-4.5600,3.9406194569079652e+01
-4.5200,3.9834369911174420e+01
-4.4800,4.0267197672148583e+01
-4.4400,4.0704728403725454e+01
-4.4000,4.1147013206907516e+01
-4.3600,4.1594103737944735e+01
-4.3200,4.2046052214367649e+01
-4.2800,4.2502911421086054e+01
-4.2400,4.2964734716554076e+01
-4.2000,4.3431576039002067e+01
-4.1600,4.3903489912736170e+01
-4.1200,4.4380531454506638e+01
-4.0800,4.4862756379944912e+01
-4.0400,4.5350221010071131e+01
-4.0000,4.5842982277871791e+01
-3.9600,4.6341097734949571e+01
-3.9200,4.6844625558244594e+01
-3.8800,4.7353624556829494e+01
-3.8400,4.7868154178777722e+01
-3.8000,4.8388274518106982e+01
-3.7600,4.8914046321797514e+01
-3.7200,4.9445530996887399e+01
-3.6800,4.9982790617644106e+01
-3.6400,5.0525887932814818e+01
-3.6000,5.1074886372954722e+01
-3.5600,5.1629850057835625e+01
-3.5200,5.2190843803934683e+01
-3.4800,5.2757933132004389e+01
-3.4400,5.3331184274725366e+01
-3.4000,5.3910664184441544e+01
-3.3600,5.4496440540980245e+01
-3.3200,5.5088581759556313e+01
-3.2800,5.5687156998763072e+01
-3.2400,5.6292236168649183e+01
-3.2000,5.6903889938884191e+01
-3.1600,5.7522189747011872e+01
-3.1200,5.8147207806794128e+01
-3.0800,5.8779017116644717e+01
-3.0400,5.9417691468155510e+01
-3.0000,6.0063305454714374e+01
-2.9600,6.0715934480217783e+01
-2.9200,6.1375654767877030e+01
-2.8800,6.2042543369121098e+01
-2.8400,6.2716678172595593e+01
-2.8000,6.3398137913259525e+01
-2.7600,6.4087002181581511e+01
-2.7200,6.4783351432834948e+01
-2.6800,6.5487266996495237e+01
-2.6400,6.6198831085738107e+01
-2.6000,6.6918126807042086e+01
-2.5600,6.7645238169894341e+01
-2.5200,6.8380250096603064e+01
-2.4800,6.9123248432215291e+01
-2.4400,6.9874319954543665e+01
-2.4000,7.0633552384301055e+01
-2.3600,7.1401034395346315e+01
-2.3200,7.2176855625040375e+01
-2.2800,7.2961106684715830e+01
-2.2400,7.3753879170259324e+01
-2.2000,7.4555265672809853e+01
-2.1600,7.5365359789572707e+01
-2.1200,7.6184256134750754e+01
-2.0800,7.7012050350595402e+01
-2.0400,7.7848839118576521e+01
-2.0000,7.8694720170674714e+01
-1.9600,7.9549792300795303e+01
-1.9200,8.0414155376307519e+01
-1.8800,8.1287910349707758e+01
-1.8400,8.2171159270410882e+01
-1.8000,8.3064005296668313e+01
-1.7600,8.3966552707617026e+01
-1.7200,8.4878906915458032e+01
-1.6800,8.5801174477768527e+01
-1.6400,8.6733463109946584e+01
-1.6000,8.7675881697792349e+01
-1.5600,8.8628540310224494e+01
-1.5200,8.9591550212136355e+01
-1.4800,9.0565023877390601e+01
-1.4400,9.1549075001955373e+01
-1.4000,9.2543818517183837e+01
-1.3600,9.3549370603236881e+01
-1.3200,9.4565848702652829e+01
-1.2800,9.5593371534063465e+01
-1.2400,9.6632059106060296e+01
-1.2000,9.7682032731210171e+01
-1.1600,9.8743415040224548e+01
-1.1200,9.9816329996281397e+01
-1.0800,1.0090090290950403e+02
-1.0400,1.0199726045159578e+02
-1.0000,1.0310553067063545e+02
-0.9600,1.0422584300603158e+02
-0.9200,1.0535832830364116e+02
-0.8800,1.0650311883105078e+02
-0.8400,1.0766034829302538e+02
-0.8000,1.0883015184712399e+02
-0.7600,1.1001266611948486e+02
-0.7200,1.1120802922078344e+02
-0.6800,1.1241638076236198e+02
-0.6400,1.1363786187253625e+02
-0.6000,1.1487261521307749e+02
-0.5600,1.1612078499587545e+02
-0.5200,1.1738251699978056e+02
-0.4800,1.1865795858763096e+02
-0.4400,1.1994725872346264e+02
-0.4000,1.2125056798990852e+02
-0.3600,1.2256803860578469e+02
-0.3200,1.2389982444386962e+02
-0.2800,1.2524608104887456e+02
-0.2400,1.2660696565561130e+02
-0.2000,1.2798263720735525e+02
-0.1600,1.2937325637440992e+02
-0.1200,1.3077898557287190e+02
-0.0800,1.3219998898359981e+02
-0.0400,1.3363643257139032e+02
0.0000,1.3508848410436110e+02
0.0400,1.3363643257139020e+02
0.0800,1.3219998898359981e+02
0.1200,1.3077898557287179e+02
0.1600,1.2937325637440992e+02
0.2000,1.2798263720735513e+02
0.2400,1.2660696565561118e+02
0.2800,1.2524608104887444e+02
0.3200,1.2389982444386949e+02
0.3600,1.2256803860578458e+02
0.4000,1.2125056798990840e+02
0.4400,1.1994725872346253e+02
0.4800,1.1865795858763086e+02
0.5200,1.1738251699978056e+02
0.5600,1.1612078499587534e+02
0.6000,1.1487261521307749e+02
0.6400,1.1363786187253615e+02
0.6800,1.1241638076236198e+02
0.7200,1.1120802922078333e+02
0.7600,1.1001266611948486e+02
0.8000,1.0883015184712389e+02
0.8400,1.0766034829302538e+02
0.8800,1.0650311883105067e+02
0.9200,1.0535832830364104e+02
0.9600,1.0422584300603147e+02
1.0000,1.0310553067063536e+02
1.0400,1.0199726045159569e+02
1.0800,1.0090090290950393e+02
1.1200,9.9816329996281311e+01
1.1600,9.8743415040224463e+01
1.2000,9.7682032731210171e+01
1.2400,9.6632059106060197e+01
1.2800,9.5593371534063465e+01
1.3200,9.4565848702652744e+01
1.3600,9.3549370603236881e+01
1.4000,9.2543818517183752e+01
1.4400,9.1549075001955373e+01
1.4800,9.0565023877390502e+01
1.5200,8.9591550212136355e+01
1.5600,8.8628540310224423e+01
1.6000,8.7675881697792249e+01
1.6400,8.6733463109946499e+01
1.6800,8.5801174477768456e+01
1.7200,8.4878906915457947e+01
1.7600,8.3966552707616955e+01
1.8000,8.3064005296668242e+01
1.8400,8.2171159270410797e+01
1.8800,8.1287910349707758e+01
1.9200,8.0414155376307434e+01
1.9600,7.9549792300795303e+01
2.0000,7.8694720170674643e+01
2.0400,7.7848839118576521e+01
2.0800,7.7012050350595345e+01
2.1200,7.6184256134750754e+01
2.1600,7.5365359789572636e+01
2.2000,7.4555265672809853e+01
2.2400,7.3753879170259268e+01
2.2800,7.2961106684715759e+01
2.3200,7.2176855625040290e+01
2.3600,7.1401034395346244e+01
2.4000,7.0633552384300984e+01
2.4400,6.9874319954543594e+01
2.4800,6.9123248432215235e+01
2.5200,6.8380250096603007e+01
2.5600,6.7645238169894341e+01
2.6000,6.6918126807042029e+01
2.6400,6.6198831085738107e+01
2.6800,6.5487266996495165e+01
2.7200,6.4783351432834948e+01
2.7600,6.4087002181581440e+01
2.8000,6.3398137913259525e+01
2.8400,6.2716678172595529e+01
2.8800,6.2042543369121098e+01
2.9200,6.1375654767876973e+01
2.9600,6.0715934480217719e+01
3.0000,6.0063305454714317e+01
3.0400,5.9417691468155454e+01
3.0800,5.8779017116644667e+01
3.1200,5.8147207806794064e+01
3.1600,5.7522189747011808e+01
3.2000,5.6903889938884141e+01
3.2400,5.6292236168649183e+01
3.2800,5.5687156998763015e+01
3.3200,5.5088581759556313e+01
3.3600,5.4496440540980196e+01
3.4000,5.3910664184441544e+01
3.4400,5.3331184274725310e+01
3.4800,5.2757933132004389e+01
3.5200,5.2190843803934634e+01
3.5600,5.1629850057835625e+01
3.6000,5.1074886372954666e+01
3.6400,5.0525887932814776e+01
3.6800,4.9982790617644056e+01
3.7200,4.9445530996887349e+01
3.7600,4.8914046321797471e+01
3.8000,4.8388274518106932e+01
3.8400,4.7868154178777687e+01
3.8800,4.7353624556829459e+01
3.9200,4.6844625558244594e+01
3.9600,4.6341097734949535e+01
4.0000,4.5842982277871791e+01
4.0400,4.5350221010071074e+01
4.0800,4.4862756379944912e+01
4.1200,4.4380531454506603e+01
4.1600,4.3903489912736170e+01
4.2000,4.3431576039002032e+01
4.2400,4.2964734716554076e+01
4.2800,4.2502911421086019e+01
4.3200,4.2046052214367613e+01
4.3600,4.1594103737944693e+01
4.4000,4.1147013206907495e+01
4.4400,4.0704728403725404e+01
4.4800,4.0267197672148562e+01
4.5200,3.9834369911174385e+01
4.5600,3.9406194569079631e+01
4.6000,3.8982621637515969e+01
4.6400,3.8563601645669351e+01
4.6800,3.8149085654482349e+01
4.7200,3.7739025250937992e+01
4.7600,3.7333372542405755e+01
4.8000,3.6932080151047693e+01
4.8400,3.6535101208285269e+01
4.8800,3.6142389349325072e+01
4.9200,3.5753898707744028e+01
4.9600,3.5369583910132114e+01
5.0000,3.4989400070793387e+01
5.0400,3.4613302786503205e+01
5.0800,3.4241248131322557e+01
5.1200,3.3873192651467484e+01
5.1600,3.3509093360234196e+01
5.2000,3.3148907732978188e+01
5.2400,3.2792593702147897e+01
5.2800,3.2440109652371255e+01
5.3200,3.2091414415595338e+01
5.3600,3.1746467266278255e+01
5.4000,3.1405227916632448e+01
5.4400,3.1067656511919562e+01
5.4800,3.0733713625795410e+01
5.5200,3.0403360255705437e+01
5.5600,3.0076557818329217e+01
5.6000,2.9753268145074390e+01
5.6400,2.9433453477618546e+01
5.6800,2.9117076463499540e+01
5.7200,2.8804100151752692e+01
5.7600,2.8494487988595360e+01
5.8000,2.8188203813157454e+01
5.8400,2.7885211853258284e+01
5.8800,2.7585476721228364e+01
5.9200,2.7288963409776549e+01
5.9600,2.6995637287901218e+01
6.0000,2.6705464096845638e+01
6.0400,2.6418409946096830e+01
6.0800,2.6134441309427189e+01
6.1200,2.5853525020979010e+01
6.1600,2.5575628271390695e+01
6.2000,2.5300718603965056e+01
6.2400,2.5028763910878325e+01
6.2800,2.4759732429430365e+01
6.3200,2.4493592738334801e+01
6.3600,2.4230313754049320e+01
6.4000,2.3969864727145200e+01
6.4400,2.3712215238716080e+01
6.4800,2.3457335196825060e+01
6.5200,2.3205194832990305e+01
6.5600,2.2955764698708084e+01
6.6000,2.2709015662013552e+01
6.6400,2.2464918904078136e+01
6.6800,2.2223445915843747e+01
6.7200,2.1984568494693143e+01
6.7600,2.1748258741155887e+01
6.8000,2.1514489055650017e+01
6.8400,2.1283232135258434e+01
6.8800,2.1054460970540202e+01
6.9200,2.0828148842375889e+01
6.9600,2.0604269318847063e+01
7.0000,2.0382796252149056e+01
7.0400,2.0163703775537211e+01
7.0800,1.9946966300305640e+01
7.1200,1.9732558512798750e+01
7.1600,1.9520455371454648e+01
7.2000,1.9310632103880550e+01
7.2400,1.9103064203959377e+01
7.2800,1.8897727428987732e+01
7.3200,1.8694597796844349e+01
7.3600,1.8493651583189219e+01
7.4000,1.8294865318692739e+01
7.4400,1.8098215786294546e+01
7.4800,1.7903680018491990e+01
7.5200,1.7711235294657584e+01
7.5600,1.7520859138385479e+01
7.6000,1.7332529314866211e+01
7.6400,1.7146223828289948e+01
7.6800,1.6961920919277386e+01
7.7200,1.6779599062338509e+01
7.7600,1.6599236963358383e+01
7.8000,1.6420813557110300e+01
7.8400,1.6244308004795336e+01
7.8800,1.6069699691608619e+01
7.9200,1.5896968224331543e+01
7.9600,1.5726093428950051e+01
8.0000,1.5557055348298350e+01
8.0400,1.5389834239728071e+01
8.0800,1.5224410572802480e+01
8.1200,1.5060765027015332e+01
8.1600,1.4898878489534493e+01
8.2000,1.4738732052969532e+01
8.2400,1.4580307013163571e+01
8.2800,1.4423584867008646e+01
8.3200,1.4268547310284758e+01
8.3600,1.4115176235521931e+01
8.4000,1.3963453729885487e+01
8.4400,1.3813362073083823e+01
8.4800,1.3664883735298895e+01
8.5200,1.3518001375138711e+01
8.5600,1.3372697837612098e+01
8.6000,1.3228956152124972e+01
8.6400,1.3086759530498391e+01
8.6800,1.2946091365007689e+01
8.7200,1.2806935226442846e+01
8.7600,1.2669274862189683e+01
8.8000,1.2533094194331568e+01
8.8400,1.2398377317771708e+01
8.8800,1.2265108498375422e+01
8.9200,1.2133272171132601e+01
8.9600,1.2002852938339702e+01
9.0000,1.1873835567801477e+01
9.0400,1.1746204991051863e+01
9.0800,1.1619946301594148e+01
9.1200,1.1495044753159902e+01
9.1600,1.1371485757986791e+01
9.2000,1.1249254885114716e+01
9.2400,1.1128337858700457e+01
9.2800,1.1008720556350235e+01
9.3200,1.0890389007470420e+01
9.3600,1.0773329391635741e+01
9.4000,1.0657528036975190e+01
9.4400,1.0542971418575254e+01
9.4800,1.0429646156900217e+01
9.5200,1.0317539016229587e+01
9.5600,1.0206636903112161e+01
9.6000,1.0096926864836876e+01
9.6400,9.9883960879199094e+00
9.6800,9.8810318966082420e+00
9.7200,9.7748217513991200e+00
9.7600,9.6697532475755796e+00
9.8000,9.5658141137575914e+00
9.8400,9.4629922104688919e+00
9.8800,9.3612755287191156e+00
9.9200,9.2606521886012594e+00
9.9600,9.1611104379041333e+00
10.0000,9.0626386507398315e+00
10.0400,8.9652253261858235e+00
10.0800,8.8688590869417663e+00
10.1200,8.7735286780007140e+00
10.1600,8.6792229653345387e+00
10.2000,8.5859309345936090e+00
10.2400,8.4936416898203291e+00
10.2800,8.4023444521765907e+00
10.3200,8.3120285586848297e+00
10.3600,8.2226834609827151e+00
10.4000,8.1342987240910745e+00
10.4400,8.0468640251952444e+00
10.4800,7.9603691524393509e+00
10.5200,7.8748040037336828e+00
10.5600,7.7901585855747717e+00
10.6000,7.7064230118782708e+00
10.6400,7.6235875028242539e+00
10.6800,7.5416423837150548e+00
10.7200,7.4605780838452613e+00
10.7600,7.3803851353839667e+00
10.8000,7.3010541722689304e+00
10.8400,7.2225759291127138e+00
10.8800,7.1449412401205414e+00
10.9200,7.0681410380197525e+00
10.9600,6.9921663530008473e+00
11.0000,6.9170083116698109e+00
11.0400,6.8426581360118135e+00
11.0800,6.7691071423659306e+00
11.1200,6.6963467404109993e+00
11.1600,6.6243684321622602e+00
11.2000,6.5531638109789059e+00
11.2400,6.4827245605821799e+00
11.2800,6.4130424540841249e+00
11.3200,6.3441093530267052e+00
11.3600,6.2759172064312798e+00
11.4000,6.2084580498583470e+00
11.4400,6.1417240044772674e+00
11.4800,6.0757072761461179e+00
11.5200,6.0104001545013572e+00
11.5600,5.9457950120573075e+00
11.6000,5.8818843033153385e+00
11.6400,5.8186605638825393e+00
11.6800,5.7561164095999642e+00
11.7200,5.6942445356801832e+00
11.7600,5.6330377158541696e+00
11.8000,5.5724888015272507e+00
11.8400,5.5125907209442389e+00
11.8800,5.4533364783634619e+00
11.9200,5.3947191532397625e+00
11.9600,5.3367318994161348e+00
12.0000,5.2793679443241910e+00
12.0400,5.2226205881931405e+00
12.0800,5.1664832032673296e+00
12.1200,5.1109492330321125e+00
12.1600,5.0560121914481178e+00
12.2000,5.0016656621937114e+00
12.2400,4.9479032979155946e+00
12.2800,4.8947188194875233e+00
12.3200,4.8421060152768609e+00
12.3600,4.7900587404191608e+00
12.4000,4.7385709161004446e+00
12.4400,4.6876365288472810e+00
12.4800,4.6372496298243844e+00
12.5200,4.5874043341398689e+00
12.5600,4.5380948201579088e+00
12.6000,4.4893153288188365e+00
12.6400,4.4410601629664717e+00
12.6800,4.3933236866827565e+00
12.7200,4.3461003246295009e+00
12.7600,4.2993845613972494e+00
12.8000,4.2531709408610618e+00
12.8400,4.2074540655433026e+00
12.8800,4.1622285959832430e+00
12.9200,4.1174892501134330e+00
12.9600,4.0732308026428177e+00
13.0000,4.0294480844464093e+00
13.0400,3.9861359819615929e+00
13.0800,3.9432894365908799e+00
13.1200,3.9009034441111221e+00
13.1600,3.8589730540890037e+00
13.2000,3.8174933693028890e+00
13.2400,3.7764595451708436e+00
13.2800,3.7358667891848394e+00
13.3200,3.6957103603509815e+00
13.3600,3.6559855686358138e+00
13.4000,3.6166877744185326e+00
13.4400,3.5778123879491419e+00
13.4800,3.5393548688123522e+00
13.5200,3.5013107253973126e+00
13.5600,3.4636755143730138e+00
13.6000,3.4264448401693257e+00
13.6400,3.3896143544636450e+00
13.6800,3.3531797556730005e+00
13.7200,3.3171367884516796e+00
13.7600,3.2814812431942109e+00
13.8000,3.2462089555437408e+00
13.8400,3.2113158059056164e+00
13.8800,3.1767977189662719e+00
13.9200,3.1426506632172400e+00
13.9600,3.1088706504843193e+00
14.0000,3.0754537354617462e+00
14.0400,3.0423960152514278e+00
14.0800,3.0096936289070975e+00
14.1200,2.9773427569833979e+00
14.1600,2.9453396210897616e+00
14.2000,2.9136804834491388e+00
14.2400,2.8823616464614430e+00
14.2800,2.8513794522716864e+00
14.3200,2.8207302823427827e+00
14.3600,2.7904105570328976e+00
14.4000,2.7604167351773845e+00
14.4400,2.7307453136751887e+00
14.4800,2.7013928270797245e+00
14.5200,2.6723558471941038e+00
14.5600,2.6436309826707598e+00
14.6000,2.6152148786153528e+00
14.6400,2.5871042161949513e+00
14.6800,2.5592957122503885e+00
14.7200,2.5317861189128261e+00
14.7600,2.5045722232244110e+00
14.8000,2.4776508467630429e+00
14.8400,2.4510188452711223e+00
14.8800,2.4246731082883413e+00
14.9200,2.3986105587883899e+00
14.9600,2.3728281528195856e+00
15.0000,2.3473228791493566e+00
15.0400,2.3220917589125425e+00
15.0800,2.2971318452634795e+00
15.1200,2.2724402230318264e+00
15.1600,2.2480140083821114e+00
15.2000,2.2238503484768786e+00
15.2400,2.1999464211435269e+00
15.2800,2.1762994345446698e+00
15.3200,2.1529066268521011e+00
15.3600,2.1297652659241879e+00
15.4000,2.1068726489868039e+00
15.4400,2.0842261023176389e+00
15.4800,2.0618229809339543e+00
15.5200,2.0396606682836285e+00
15.5600,2.0177365759395793e+00
15.6000,1.9960481432974542e+00
15.6400,1.9745928372765498e+00
15.6800,1.9533681520239903e+00
15.7200,1.9323716086220253e+00
15.7600,1.9116007547985336e+00
15.8000,1.8910531646405930e+00
15.8400,1.8707264383111732e+00
15.8800,1.8506182017688184e+00
15.9200,1.8307261064903917e+00
15.9600,1.8110478291967793e+00
16.0000,1.7915810715815472e+00
16.0400,1.7723235600425060e+00
16.0800,1.7532730454161671e+00
16.1200,1.7344273027150612e+00
16.1600,1.7157841308678718e+00
16.2000,1.6973413524623575e+00
16.2400,1.6790968134910447e+00
16.2800,1.6610483830996534e+00
16.3200,1.6431939533382274e+00
16.3600,1.6255314389149409e+00
16.4000,1.6080587769525407e+00
16.4400,1.5907739267474168e+00
16.4800,1.5736748695312637e+00
16.5200,1.5567596082353024e+00
16.5600,1.5400261672570272e+00
16.6000,1.5234725922294694e+00
16.6400,1.5070969497929365e+00
16.6800,1.4908973273692239e+00
16.7200,1.4748718329382093e+00
16.7600,1.4590185948168990e+00
16.8000,1.4433357614408096e+00
16.8400,1.4278215011477373e+00
16.8800,1.4124740019638051e+00
16.9200,1.3972914713918549e+00
16.9600,1.3822721362020840e+00
17.0000,1.3674142422249416e+00
17.0400,1.3527160541462684e+00
17.0800,1.3381758553045970e+00
17.1200,1.3237919474906761e+00
17.1600,1.3095626507491149e+00
17.2000,1.2954863031821937e+00
17.2400,1.2815612607557407e+00
17.2800,1.2677858971071365e+00
17.3200,1.2541586033553509e+00
17.3600,1.2406777879130539e+00
17.4000,1.2273418763007056e+00
17.4400,1.2141493109626786e+00
17.4800,1.2010985510853451e+00
17.5200,1.1881880724171179e+00
17.5600,1.1754163670904230e+00
17.6000,1.1627819434455906e+00
17.6400,1.1502833258566441e+00
17.6800,1.1379190545589450e+00
17.7200,1.1256876854787172e+00
17.7600,1.1135877900643689e+00
17.8000,1.1016179551196565e+00
17.8400,1.0897767826386322e+00
17.8800,1.0780628896423647e+00
17.9200,1.0664749080174118e+00
17.9600,1.0550114843560339e+00
18.0000,1.0436712797981260e+00
18.0400,1.0324529698748481e+00
18.0800,1.0213552443539311e+00
18.1200,1.0103768070866499e+00
18.1600,9.9951637585644082e-01
18.2000,9.8877268222915515e-01
18.2400,9.7814447140489735e-01
18.2800,9.6763050207148560e-01
18.3200,9.5722954625946544e-01
18.3600,9.4694038919869494e-01
18.4000,9.3676182917646722e-01
18.4400,9.2669267739715400e-01
18.4800,9.1673175784336158e-01
18.5200,9.0687790713857930e-01
18.5600,8.9712997441131181e-01
18.6000,8.8748682116064914e-01
18.6400,8.7794732112330998e-01
18.6800,8.6851036014209038e-01
18.7200,8.5917483603574962e-01
18.7600,8.4993965847026676e-01
18.8000,8.4080374883150777e-01
18.8400,8.3176604009924204e-01
18.8800,8.2282547672252837e-01
18.9200,8.1398101449642690e-01
18.9600,8.0523162044004237e-01
19.0000,7.9657627267588216e-01
19.0400,7.8801396031050064e-01
19.0800,7.7954368331644364e-01
19.1200,7.7116445241543718e-01
19.1600,7.6287528896285672e-01
19.2000,7.5467522483341976e-01
19.2400,7.4656330230812196e-01
19.2800,7.3853857396237532e-01
19.3200,7.3060010255535512e-01
19.3600,7.2274696092053825e-01
19.4000,7.1497823185741594e-01
19.4400,7.0729300802436712e-01
19.4800,6.9969039183268700e-01
19.5200,6.9216949534175565e-01
19.5600,6.8472944015533277e-01
19.6000,6.7736935731896275e-01
19.6400,6.7008838721848729e-01
19.6800,6.6288567947964783e-01
19.7200,6.5576039286876753e-01
19.7600,6.4871169519450056e-01
19.8000,6.4173876321063505e-01
19.8400,6.3484078251994236e-01
19.8800,6.2801694747906323e-01
19.9200,6.2126646110441297e-01
19.9600,6.1458853497909605e-01
20.0000,6.0798238916082470e-01
